{"stars":[{"position":{"x":793,"y":690},"speed":{"x":1.88,"y":-2.3000000000000003},"color":"#915b42","size":15},{"position":{"x":925,"y":695},"speed":{"x":-0.8400000000000003,"y":1.3000000000000007},"color":"#56c272","size":15},{"position":{"x":898,"y":631},"speed":{"x":2.4089240919219876,"y":-5.165954386108905},"color":"#f61afe","size":13.8}],"params":{"g":30,"disableCenter":true,"centerSize":15,"step":1,"mergeMode":true}}